{
    "metrics": {
        "RMSE": 0.8660323995695274,
        "R2_Score": 0.9930786208060873
    }
}