{
    "predictions": {
        "true_values": [
            0.2480959892272949,
            42.28572082519531,
            16.911865234375,
            0.1547688096761703,
            0.7231714725494385,
            4.012788772583008,
            3.5695581436157227,
            0.3777649700641632,
            0.3649413585662842,
            0.0363034829497337,
            0.4648874700069427,
            0.1676088571548462,
            1.685501217842102,
            0.39895960688591,
            0.47386035323143,
            0.4867981374263763,
            0.4521316885948181,
            0.8309366106987,
            0.3369739949703216,
            24.346189498901367,
            0.780034601688385,
            0.2660492062568664,
            49.511375427246094,
            2.686931610107422,
            0.3386570513248443,
            0.4411852955818176,
            0.3583758175373077,
            20.68049430847168,
            6.244767189025879,
            0.131305381655693,
            0.3091552257537842,
            2.572725534439087,
            0.1700548529624939,
            0.4537591934204101,
            6.06326150894165,
            5.866154670715332,
            0.5195645689964294,
            0.2391464114189148,
            0.1702933460474014,
            0.1220568567514419,
            0.4608542919158935,
            0.5663391351699829,
            19.964696884155277,
            0.2455664873123169,
            0.2742272913455963,
            0.0403636954724788,
            0.3459436595439911
        ],
        "predicted_values": [
            0.27443793416023254,
            40.48337173461914,
            16.870315551757812,
            0.2234421670436859,
            0.5882547497749329,
            3.8202455043792725,
            3.7521653175354004,
            0.48235565423965454,
            0.48235565423965454,
            0.34493356943130493,
            0.36039701104164124,
            0.21306107938289642,
            1.416987657546997,
            0.32671865820884705,
            0.4472981095314026,
            0.5296550989151001,
            0.5017662048339844,
            0.7025592923164368,
            0.48235565423965454,
            24.562179565429688,
            0.6010664105415344,
            0.24767976999282837,
            45.78868865966797,
            2.797701835632324,
            0.4185975193977356,
            0.3562043011188507,
            0.4546070992946625,
            22.318275451660156,
            5.62026309967041,
            0.25688788294792175,
            0.3622760474681854,
            3.7080371379852295,
            0.1930519938468933,
            0.3672052025794983,
            5.7202653884887695,
            5.631309509277344,
            0.32671865820884705,
            0.24715901911258698,
            0.2603389322757721,
            0.13439206779003143,
            0.5209880471229553,
            0.5153510570526123,
            16.35370445251465,
            0.3367321491241455,
            0.29851454496383667,
            0.08167771250009537,
            0.48235565423965454
        ],
        "residuals": [
            -0.02634194493293765,
            1.8023490905761719,
            0.0415496826171875,
            -0.06867335736751562,
            0.13491672277450562,
            0.19254326820373535,
            -0.18260717391967773,
            -0.10459068417549133,
            -0.11741429567337036,
            -0.30863008648157125,
            0.10449045896530146,
            -0.04545222222805023,
            0.268513560295105,
            0.07224094867706293,
            0.02656224370002741,
            -0.04285696148872381,
            -0.04963451623916626,
            0.12837731838226318,
            -0.14538165926933294,
            -0.2159900665283203,
            0.17896819114685059,
            0.01836943626403803,
            3.722686767578125,
            -0.11077022552490234,
            -0.07994046807289129,
            0.08498099446296692,
            -0.09623128175735479,
            -1.6377811431884766,
            0.6245040893554688,
            -0.12558250129222875,
            -0.053120821714401245,
            -1.1353116035461426,
            -0.022997140884399414,
            0.08655399084091181,
            0.34299612045288086,
            0.23484516143798828,
            0.1928459107875824,
            -0.00801260769367218,
            -0.0900455862283707,
            -0.012335211038589533,
            -0.06013375520706182,
            0.050988078117370605,
            3.6109924316406286,
            -0.09116566181182861,
            -0.024287253618240356,
            -0.04131401702761657,
            -0.13641199469566345
        ]
    }
}